INSERT INTO Plano (ID_Plano, Nome, Valor, Duracao, Beneficios) VALUES
(1, 'Plano 001', 53.40, 1, 'Acesso mensal'),
(2, 'Plano 002', 56.90, 3, 'Acesso trimestral + aulas'),
(3, 'Plano 003', 60.40, 6, 'Acesso semestral + avaliação'),
(4, 'Plano 004', 63.90, 12, 'Acesso anual + personal'),
(5, 'Plano 005', 67.40, 1, 'Acesso mensal'),
(6, 'Plano 006', 70.90, 3, 'Acesso trimestral + aulas'),
(7, 'Plano 007', 74.40, 6, 'Acesso semestral + avaliação'),
(8, 'Plano 008', 77.90, 12, 'Acesso anual + personal'),
(9, 'Plano 009', 81.40, 1, 'Acesso mensal'),
(10, 'Plano 010', 84.90, 3, 'Acesso trimestral + aulas'),
(11, 'Plano 011', 88.40, 6, 'Acesso semestral + avaliação'),
(12, 'Plano 012', 91.90, 12, 'Acesso anual + personal'),
(13, 'Plano 013', 95.40, 1, 'Acesso mensal'),
(14, 'Plano 014', 98.90, 3, 'Acesso trimestral + aulas'),
(15, 'Plano 015', 102.40, 6, 'Acesso semestral + avaliação'),
(16, 'Plano 016', 105.90, 12, 'Acesso anual + personal'),
(17, 'Plano 017', 109.40, 1, 'Acesso mensal'),
(18, 'Plano 018', 112.90, 3, 'Acesso trimestral + aulas'),
(19, 'Plano 019', 116.40, 6, 'Acesso semestral + avaliação'),
(20, 'Plano 020', 119.90, 12, 'Acesso anual + personal'),
(21, 'Plano 021', 123.40, 1, 'Acesso mensal'),
(22, 'Plano 022', 126.90, 3, 'Acesso trimestral + aulas'),
(23, 'Plano 023', 130.40, 6, 'Acesso semestral + avaliação'),
(24, 'Plano 024', 133.90, 12, 'Acesso anual + personal'),
(25, 'Plano 025', 137.40, 1, 'Acesso mensal'),
(26, 'Plano 026', 140.90, 3, 'Acesso trimestral + aulas'),
(27, 'Plano 027', 144.40, 6, 'Acesso semestral + avaliação'),
(28, 'Plano 028', 147.90, 12, 'Acesso anual + personal'),
(29, 'Plano 029', 151.40, 1, 'Acesso mensal'),
(30, 'Plano 030', 154.90, 3, 'Acesso trimestral + aulas'),
(31, 'Plano 031', 158.40, 6, 'Acesso semestral + avaliação'),
(32, 'Plano 032', 161.90, 12, 'Acesso anual + personal'),
(33, 'Plano 033', 165.40, 1, 'Acesso mensal'),
(34, 'Plano 034', 168.90, 3, 'Acesso trimestral + aulas'),
(35, 'Plano 035', 172.40, 6, 'Acesso semestral + avaliação'),
(36, 'Plano 036', 175.90, 12, 'Acesso anual + personal'),
(37, 'Plano 037', 179.40, 1, 'Acesso mensal'),
(38, 'Plano 038', 182.90, 3, 'Acesso trimestral + aulas'),
(39, 'Plano 039', 186.40, 6, 'Acesso semestral + avaliação'),
(40, 'Plano 040', 189.90, 12, 'Acesso anual + personal'),
(41, 'Plano 041', 193.40, 1, 'Acesso mensal'),
(42, 'Plano 042', 196.90, 3, 'Acesso trimestral + aulas'),
(43, 'Plano 043', 200.40, 6, 'Acesso semestral + avaliação'),
(44, 'Plano 044', 203.90, 12, 'Acesso anual + personal'),
(45, 'Plano 045', 207.40, 1, 'Acesso mensal'),
(46, 'Plano 046', 210.90, 3, 'Acesso trimestral + aulas'),
(47, 'Plano 047', 214.40, 6, 'Acesso semestral + avaliação'),
(48, 'Plano 048', 217.90, 12, 'Acesso anual + personal'),
(49, 'Plano 049', 221.40, 1, 'Acesso mensal'),
(50, 'Plano 050', 224.90, 3, 'Acesso trimestral + aulas'),
(51, 'Plano 051', 228.40, 6, 'Acesso semestral + avaliação'),
(52, 'Plano 052', 231.90, 12, 'Acesso anual + personal'),
(53, 'Plano 053', 235.40, 1, 'Acesso mensal'),
(54, 'Plano 054', 238.90, 3, 'Acesso trimestral + aulas'),
(55, 'Plano 055', 242.40, 6, 'Acesso semestral + avaliação'),
(56, 'Plano 056', 245.90, 12, 'Acesso anual + personal'),
(57, 'Plano 057', 249.40, 1, 'Acesso mensal'),
(58, 'Plano 058', 252.90, 3, 'Acesso trimestral + aulas'),
(59, 'Plano 059', 256.40, 6, 'Acesso semestral + avaliação'),
(60, 'Plano 060', 259.90, 12, 'Acesso anual + personal'),
(61, 'Plano 061', 263.40, 1, 'Acesso mensal'),
(62, 'Plano 062', 266.90, 3, 'Acesso trimestral + aulas'),
(63, 'Plano 063', 270.40, 6, 'Acesso semestral + avaliação'),
(64, 'Plano 064', 273.90, 12, 'Acesso anual + personal'),
(65, 'Plano 065', 277.40, 1, 'Acesso mensal'),
(66, 'Plano 066', 280.90, 3, 'Acesso trimestral + aulas'),
(67, 'Plano 067', 284.40, 6, 'Acesso semestral + avaliação'),
(68, 'Plano 068', 287.90, 12, 'Acesso anual + personal'),
(69, 'Plano 069', 291.40, 1, 'Acesso mensal'),
(70, 'Plano 070', 294.90, 3, 'Acesso trimestral + aulas'),
(71, 'Plano 071', 298.40, 6, 'Acesso semestral + avaliação'),
(72, 'Plano 072', 301.90, 12, 'Acesso anual + personal'),
(73, 'Plano 073', 305.40, 1, 'Acesso mensal'),
(74, 'Plano 074', 308.90, 3, 'Acesso trimestral + aulas'),
(75, 'Plano 075', 312.40, 6, 'Acesso semestral + avaliação'),
(76, 'Plano 076', 315.90, 12, 'Acesso anual + personal'),
(77, 'Plano 077', 319.40, 1, 'Acesso mensal'),
(78, 'Plano 078', 322.90, 3, 'Acesso trimestral + aulas'),
(79, 'Plano 079', 326.40, 6, 'Acesso semestral + avaliação'),
(80, 'Plano 080', 329.90, 12, 'Acesso anual + personal'),
(81, 'Plano 081', 333.40, 1, 'Acesso mensal'),
(82, 'Plano 082', 336.90, 3, 'Acesso trimestral + aulas'),
(83, 'Plano 083', 340.40, 6, 'Acesso semestral + avaliação'),
(84, 'Plano 084', 343.90, 12, 'Acesso anual + personal'),
(85, 'Plano 085', 347.40, 1, 'Acesso mensal'),
(86, 'Plano 086', 350.90, 3, 'Acesso trimestral + aulas'),
(87, 'Plano 087', 354.40, 6, 'Acesso semestral + avaliação'),
(88, 'Plano 088', 357.90, 12, 'Acesso anual + personal'),
(89, 'Plano 089', 361.40, 1, 'Acesso mensal'),
(90, 'Plano 090', 364.90, 3, 'Acesso trimestral + aulas'),
(91, 'Plano 091', 368.40, 6, 'Acesso semestral + avaliação'),
(92, 'Plano 092', 371.90, 12, 'Acesso anual + personal'),
(93, 'Plano 093', 375.40, 1, 'Acesso mensal'),
(94, 'Plano 094', 378.90, 3, 'Acesso trimestral + aulas'),
(95, 'Plano 095', 382.40, 6, 'Acesso semestral + avaliação'),
(96, 'Plano 096', 385.90, 12, 'Acesso anual + personal'),
(97, 'Plano 097', 389.40, 1, 'Acesso mensal'),
(98, 'Plano 098', 392.90, 3, 'Acesso trimestral + aulas'),
(99, 'Plano 099', 396.40, 6, 'Acesso semestral + avaliação'),
(100, 'Plano 100', 399.90, 12, 'Acesso anual + personal');


INSERT INTO Instrutor (Cod_Registro, Nome, Salario, Carga_Horaria) VALUES
(1, 'Marcos Oliveira', 2380.50, 32),
(2, 'Ana Paula Ferreira', 2650.00, 40),
(3, 'Carlos Eduardo Silva', 3100.75, 36),
(4, 'Fernanda Santos', 1980.90, 28),
(5, 'Juliano Viana', 2890.10, 44),
(6, 'Patrícia Monteiro', 3050.40, 38),
(7, 'Rodrigo Moreira', 2220.00, 26),
(8, 'Sabrina Rocha', 2510.60, 30),
(9, 'Ricardo Almeida', 3420.20, 40),
(10, 'Evelyn Duarte', 2700.80, 36),
(11, 'Hugo Carvalho', 1950.00, 22),
(12, 'Carla Bezerra', 3250.30, 42),
(13, 'Felipe Santana', 2430.10, 28),
(14, 'Mariana Luz', 3010.00, 34),
(15, 'Lorena Barros', 2200.50, 24),
(16, 'Thiago Nogueira', 3600.90, 40),
(17, 'Vanessa Lima', 2800.00, 32),
(18, 'Mateus Teixeira', 3330.70, 38),
(19, 'Paulo Roberto', 2400.80, 26),
(20, 'Luiza Azevedo', 3100.60, 40),
(21, 'Gustavo Martins', 2920.40, 36),
(22, 'Beatriz Moura', 2650.10, 30),
(23, 'Leonardo Sales', 2300.75, 28),
(24, 'Helena Melo', 3110.80, 42),
(25, 'Jéssica Ramos', 2890.00, 34),
(26, 'Samuel Torres', 2750.40, 32),
(27, 'Nicole Mendes', 2150.20, 24),
(28, 'Wesley Freitas', 3550.00, 40),
(29, 'Letícia Gonçalves', 2600.90, 36),
(30, 'Eduardo Nunes', 2250.30, 28),
(31, 'Bruna Queiroz', 3400.10, 44),
(32, 'Alan Ribeiro', 2990.80, 32),
(33, 'Camila Tavares', 3180.60, 38),
(34, 'Rafael Campos', 2700.40, 30),
(35, 'Isabela Neves', 2450.20, 26),
(36, 'Pedro Aragão', 3550.70, 42),
(37, 'Tatiane Lopes', 2830.10, 34),
(38, 'Bruno Ferreira', 2100.00, 22),
(39, 'Rayssa Mourão', 2970.90, 36),
(40, 'Diogo Cavalcante', 3350.50, 44),
(41, 'Caroline Prado', 2900.75, 40),
(42, 'Jonas Barcellos', 2630.60, 30),
(43, 'Alice Duarte', 3100.30, 38),
(44, 'Ruan Fernandes', 2320.10, 26),
(45, 'Tatiane Alves', 2590.00, 28),
(46, 'Fábio Pires', 3440.80, 40),
(47, 'Melissa Andrade', 2820.90, 34),
(48, 'Adriano Costa', 2000.40, 22),
(49, 'Sandra Maia', 3220.50, 36),
(50, 'João Vítor Moraes', 2770.10, 32),
(51, 'Cristiane Oliveira', 3050.00, 38),
(52, 'André Luiz Martins', 2380.30, 28),
(53, 'Daniela Correia', 3210.75, 42),
(54, 'Marcelo Negrão', 2680.20, 30),
(55, 'Bianca Salles', 2540.10, 26),
(56, 'Vinícius Passos', 3470.00, 44),
(57, 'Paola Ribeiro', 2930.80, 36),
(58, 'Tiago Salgado', 2190.40, 24),
(59, 'Nathalia Freire', 3060.90, 38),
(60, 'Diego Azevedo', 2840.00, 32),
(61, 'Karina Batista', 2410.20, 28),
(62, 'Marcos Lima', 3600.60, 40),
(63, 'Adriana Pacheco', 2990.90, 34),
(64, 'Victor Alves', 2100.70, 22),
(65, 'Simone Moreira', 3140.40, 38),
(66, 'Alexandre Cunha', 2800.50, 30),
(67, 'Renata Farias', 2330.10, 26),
(68, 'Henrique Borges', 3520.00, 44),
(69, 'Joana Mendes', 2690.35, 32),
(70, 'César Carvalho', 2950.20, 36),
(71, 'Viviane Torres', 2600.10, 28),
(72, 'Kelvin Rodrigues', 3410.80, 40),
(73, 'Elaine Porto', 2770.00, 30),
(74, 'Murilo Soares', 2220.50, 24),
(75, 'Silvia Lopes', 3160.70, 38),
(76, 'Fernando Guimarães', 2850.20, 32),
(77, 'Patrícia Lemos', 2450.80, 26),
(78, 'Maurício Barreto', 3580.90, 42),
(79, 'Luciana Gonçalves', 2980.30, 34),
(80, 'Eduardo Fontes', 2130.60, 22),
(81, 'Kelly Araujo', 3200.50, 36),
(82, 'Otávio Reis', 2750.40, 38),
(83, 'Juliana Mendes', 2600.75, 30),
(84, 'Rafael Soares', 3480.00, 44),
(85, 'Carina Alencar', 2320.20, 24),
(86, 'Alan Moura', 2920.80, 34),
(87, 'Flávia Souza', 3090.60, 38),
(88, 'Leandro Rezende', 2190.40, 26),
(89, 'Janaina Duarte', 2540.50, 32),
(90, 'Thiago Rocha', 3640.20, 40),
(91, 'Elaine Dias', 2860.90, 36),
(92, 'Ramon Vieira', 2300.80, 28),
(93, 'Michelle Braga', 3010.10, 34),
(94, 'Bruno Almeida', 2100.00, 22),
(95, 'Juliana Pires', 3180.50, 36),
(96, 'Alex Costa', 2760.60, 34),
(97, 'Marina Farias', 2420.30, 26),
(98, 'Daniel Almeida', 3550.90, 40),
(99, 'Joice Fernandes', 2940.10, 32),
(100, 'Paulo Henrique Souza', 2230.80, 24);

INSERT INTO Aluno (CPF, Nome, Matricula, Data_Nasc, Rua, Numero, Bairro, Cidade, ID_Plano_FK) VALUES
('11111111111','Ana Paula Silva','MAT001','1999-03-12','Rua das Flores',123,'Centro','São Paulo',1),
('22222222222','Bruno Henrique Alves','MAT002','1998-07-25','Av. Brasil',455,'Jardins','Rio de Janeiro',2),
('33333333333','Carla Mendes Rocha','MAT003','1995-11-02','Rua A',12,'Industrial','Belo Horizonte',3),
('44444444444','Diego Farias Santos','MAT004','2000-05-09','Rua B',88,'Centro','Curitiba',4),
('55555555555','Eduardo Lima Torres','MAT005','1997-08-17','Rua C',190,'Sul','Porto Alegre',5),
('66666666666','Fernanda Dias Costa','MAT006','1996-02-11','Av. Paulista',300,'Bela Vista','São Paulo',6),
('77777777777','Gabriel Nunes Prado','MAT007','1999-10-20','Rua D',215,'Norte','Recife',7),
('88888888888','Helena Ramos Batista','MAT008','1994-09-03','Rua E',77,'Oeste','Fortaleza',8),
('99999999999','Igor Martins Freitas','MAT009','1998-12-22','Rua F',51,'Centro','Manaus',9),
('10101010101','Julia Carvalho Neves','MAT010','1997-01-13','Av. Santos',143,'Pompéia','Santos',10),
('12121212121','Lucas Oliveira Duarte','MAT011','1996-04-29','Rua G',224,'Centro','Campinas',11),
('13131313131','Mariana Souza Pires','MAT012','1995-09-14','Rua H',99,'Leste','Natal',12),
('14141414141','Nelson Ribeiro Tavares','MAT013','1999-07-07','Rua I',34,'Sul','Salvador',13),
('15151515151','Olivia Castro Martins','MAT014','1998-02-19','Rua J',67,'Centro','João Pessoa',14),
('16161616161','Paulo Henrique Barros','MAT015','1994-06-28','Rua K',201,'Industrial','Aracaju',15),
('17171717171','Queila Lima Andrade','MAT016','1997-10-16','Rua L',312,'Norte','Teresina',16),
('18181818181','Rafael Moreira Caminha','MAT017','1996-11-25','Rua M',109,'Centro','Maceió',17),
('19191919191','Sabrina Torres Amaro','MAT018','1995-03-30','Rua N',55,'Oeste','Belém',18),
('20202020202','Tiago Vieira Ramos','MAT019','1998-12-11','Rua O',128,'Centro','São Luís',19),
('21212121212','Ursula Braga Monteiro','MAT020','1994-01-22','Rua P',76,'Centro','Cuiabá',20),
('22222222221','Victor Souza Nóbrega','MAT021','1997-08-05','Rua Q',145,'Norte','Curitiba',21),
('23232323232','Wesley Duarte Azevedo','MAT022','1996-09-15','Rua R',187,'Leste','Porto Velho',22),
('24242424242','Ximena Rocha Furtado','MAT023','1999-05-21','Rua S',211,'Centro','Macapá',23),
('25252525252','Yuri Mendes Braga','MAT024','1995-04-07','Rua T',342,'Industrial','Rio Branco',24),
('26262626262','Zuleica Nobre Vasconcelos','MAT025','1998-03-19','Rua U',65,'Sul','Florianópolis',25),
('27272727272','Adriana Paiva Santos','MAT026','1997-02-18','Av. Central',89,'Centro','Vitória',26),
('28282828282','Brenda Lucena Ferreira','MAT027','1996-07-09','Rua Alfa',144,'Norte','Goiânia',27),
('29292929292','Caio Tavares Luz','MAT028','1998-11-28','Rua Beta',421,'Oeste','Campo Grande',28),
('30303030303','Danilo Almeida Sérgio','MAT029','1995-09-01','Rua Gama',87,'Centro','Belém',29),
('31313131313','Elisa Pontes Barreto','MAT030','1994-04-13','Rua Delta',55,'Centro','Fortaleza',30),
('32323232323','Felipe Albuquerque Dias','MAT031','1999-08-11','Rua Épsilon',288,'Sul','São Paulo',31),
('33333333331','Giovana Torres Lira','MAT032','1997-10-26','Rua Zeta',152,'Centro','Curitiba',32),
('34343434343','Hugo Batista Mendes','MAT033','1996-05-06','Rua Eta',199,'Leste','Natal',33),
('35353535353','Isabela Pontes Ribeiro','MAT034','1995-11-23','Rua Teta',43,'Oeste','Recife',34),
('36363636363','João Marcelo Arruda','MAT035','1994-06-30','Rua Iota',244,'Centro','Campinas',35),
('37373737373','Karina Azevedo Linhares','MAT036','1998-03-12','Rua Kapa',403,'Nobre','Maceió',36),
('38383838383','Leonardo Freitas Porto','MAT037','1999-02-09','Rua Lambda',214,'Centro','Manaus',37),
('39393939393','Marina Queiroz Ramos','MAT038','1997-01-15','Rua Mi',92,'Norte','Boa Vista',38),
('40404040404','Nathan Lopes Costa','MAT039','1996-10-02','Rua Ni',122,'Leste','João Pessoa',39),
('41414141414','Osmar Nogueira Lima','MAT040','1994-11-19','Rua Xi',433,'Centro','São Luís',40),
('42424242424','Patrícia Cardoso Brasil','MAT041','1997-07-23','Rua Ômicron',244,'Centro','Belo Horizonte',41),
('43434343434','Quésia Franco Almeida','MAT042','1998-03-03','Rua Pi',366,'Sul','Rio de Janeiro',42),
('44444444441','Renato Gomes Silva','MAT043','1995-05-27','Rua Rô',55,'Centro','Teresina',43),
('45454545454','Sara Menezes Castro','MAT044','1996-08-31','Rua Sigma',98,'Oeste','Aracaju',44),
('46464646464','Thiago Duarte Nunes','MAT045','1999-12-01','Rua Tau',417,'Centro','Porto Alegre',45),
('47474747474','Ubirajara Matos Filho','MAT046','1997-09-14','Rua Upsilon',222,'Sul','Goiânia',46),
('48484848484','Vera Lúcia Bezerra','MAT047','1994-04-18','Rua Phi',213,'Centro','Vitória',47),
('49494949494','Willian Freire Talhes','MAT048','1998-06-06','Rua Chi',178,'Norte','Curitiba',48),
('50505050505','Xavier Medeiros Braga','MAT049','1996-11-29','Rua Psi',120,'Leste','Belém',49),
('51515151515','Yasmin Nogueira Souza','MAT050','1995-02-02','Rua Ômega',355,'Centro','Florianópolis',50),
('52525252525','Arthur Lima Carvalho','MAT051','1997-07-17','Rua Verde',102,'Centro','São Paulo',51),
('53535353535','Beatriz Ramos Pires','MAT052','1994-03-27','Rua Azul',159,'Zona Sul','Curitiba',52),
('54545454545','Carlos Eduardo Vieira','MAT053','1996-08-10','Rua Amarela',88,'Norte','Manaus',53),
('55555555551','Diana Souza Moreira','MAT054','1999-09-27','Rua Rosa',275,'Centro','Fortaleza',54),
('56565656565','Erick Tavares Fernandes','MAT055','1995-05-03','Rua Cinza',344,'Industrial','Belo Horizonte',55),
('57575757575','Fabiana Cardoso Lima','MAT056','1998-04-21','Rua Preta',56,'Centro','Brasília',56),
('58585858585','Gustavo Pereira Lopes','MAT057','1997-01-30','Rua Branca',133,'Leste','Recife',57),
('59595959595','Heloísa Andrade Silva','MAT058','1996-06-12','Rua Roxa',210,'Centro','Natal',58),
('60606060606','Ian Monteiro Garcia','MAT059','1995-10-05','Av. Marfim',95,'Centro','Maceió',59),
('61616161616','Jéssica Moura Barreto','MAT060','1999-02-18','Rua Dourada',341,'Oeste','Belém',60),
('62626262626','Kevin Santos Braga','MAT061','1997-11-14','Rua Coral',409,'Centro','Boa Vista',61),
('63636363636','Larissa Queiroz Lima','MAT062','1998-09-29','Rua Pérola',54,'Leste','São Luís',62),
('64646464646','Marcelo Lins Menezes','MAT063','1996-01-22','Rua Ônix',211,'Centro','Porto Alegre',63),
('65656565656','Natália Farias Diniz','MAT064','1995-07-25','Rua Jade',142,'Leste','Rio Branco',64),
('66666666661','Otávio Rocha Campos','MAT065','1994-03-10','Rua Rubi',377,'Centro','Goiânia',65),
('67676767676','Priscila Duarte Ramos','MAT066','1997-08-13','Rua Safira',243,'Sul','João Pessoa',66),
('68686868686','Rogério Martins Silva','MAT067','1998-12-30','Rua Granada',189,'Centro','Vitória',67),
('69696969696','Sâmia Torres Bezerra','MAT068','1995-04-15','Rua Ametista',258,'Norte','Manaus',68),
('70707070707','Túlio Cordeiro Lopes','MAT069','1996-11-09','Rua Turquesa',432,'Centro','Curitiba',69),
('71717171717','Úrsula Neves Batista','MAT070','1999-10-03','Rua Cristal',177,'Leste','Natal',70),
('72727272727','Vítor Holanda Ribeiro','MAT071','1998-01-18','Rua Topázio',96,'Centro','São Paulo',71),
('73737373737','Wellington Prado Farias','MAT072','1997-05-26','Rua Quartzo',312,'Norte','Belo Horizonte',72),
('74747474747','Xênia Ramos Teixeira','MAT073','1996-02-28','Rua Diamante',280,'Centro','Recife',73),
('75757557575','Yago Castro Fernandes','MAT074','1994-06-02','Rua Bronze',51,'Sul','Fortaleza',74),
('76767676767','Zara Gonzaga Furtado','MAT075','1995-12-12','Rua Prata',204,'Centro','Belém',75),
('77777777771','Aline Torres Sampaio','MAT076','1997-01-07','Rua Ouro',321,'Norte','São Luís',76),
('78787878787','Breno Azevedo Costa','MAT077','1999-08-14','Rua Ferro',411,'Centro','João Pessoa',77),
('79797979797','Camila Nogueira Luz','MAT078','1996-09-30','Rua Madeira',267,'Oeste','Curitiba',78),
('80808080808','Dênis Rodrigues Melo','MAT079','1995-04-27','Rua Cedro',144,'Centro','Manaus',79),
('81818181818','Elaine Pacheco Neves','MAT080','1994-10-11','Rua Ipê',236,'Leste','Maceió',80),
('82828282828','Fábio Montenegro Pontes','MAT081','1998-07-16','Rua Jacarandá',81,'Centro','Belo Horizonte',81),
('83838383838','Gabriela Mendes Bezerra','MAT082','1997-02-04','Rua Pinheiro',322,'Sul','Recife',82),
('84848484848','Henrique Gomes Farias','MAT083','1996-05-21','Rua Carvalho',157,'Centro','Natal',83),
('85858585858','Isabelly Castro Ramos','MAT084','1995-03-19','Rua Nogueira',199,'Centro','São Paulo',84),
('86868686868','Jonas Monteiro Silva','MAT085','1999-12-03','Rua Palmeira',324,'Oeste','Goiânia',85),
('87878787878','Kamila Duarte Torres','MAT086','1997-06-14','Rua Jatobá',142,'Centro','Vitória',86),
('88888888881','Luan Ferreira Lopes','MAT087','1996-09-11','Rua Araucária',175,'Norte','Manaus',87),
('89898989898','Mirela Souza Azevedo','MAT088','1994-08-29','Rua Amendoeira',298,'Centro','Fortaleza',88),
('90909090909','Noah Cardoso Martins','MAT089','1998-05-05','Rua Acácia',218,'Leste','Belém',89),
('91919191919','Olga Mendes Siqueira','MAT090','1995-11-28','Rua Ipê Roxo',333,'Centro','Boa Vista',90),
('92929292929','Pedro Ramos Batista','MAT091','1997-07-01','Rua Cassiano','123','Centro','Maceió',91),
('93939393939','Quintino Barros Alencar','MAT092','1996-01-19','Rua Alecrim',51,'Centro','São Luís',92),
('94949494949','Rafaela Tavares Lima','MAT093','1998-04-07','Rua Jasmim',87,'Sul','Porto Alegre',93),
('95959595959','Samuel Costa Portela','MAT094','1999-03-10','Rua Hortênsia',211,'Norte','Curitiba',94),
('96969696969','Talita Souza Duarte','MAT095','1994-02-02','Rua Orquídea',105,'Centro','São Paulo',95),
('97979797979','Ulisses Fernandes Gomes','MAT096','1995-10-21','Rua Lírio',267,'Oeste','Recife',96),
('98989898989','Vanessa Reis Lacerda','MAT097','1997-06-06','Rua Cravo',324,'Centro','Natal',97),
('99999999991','Wagner Santos Cunha','MAT098','1996-12-17','Rua Dália',52,'Industrial','Belo Horizonte',98),
('10101010102','Xavier Moraes Siqueira','MAT099','1995-01-23','Rua Ciclame',94,'Centro','Manaus',99),
('11111111112','Yara Barros Lindoso','MAT100','1998-11-11','Rua Bromélia',133,'Leste','Fortaleza',100);

INSERT INTO Telefone_Aluno (CPF_Aluno_FK, Numero_Telefone) VALUES
('11111111111','(11)90000-0001'),
('22222222222','(21)90000-0002'),
('33333333333','(31)90000-0003'),
('44444444444','(41)90000-0004'),
('55555555555','(51)90000-0005'),
('66666666666','(11)90000-0006'),
('77777777777','(81)90000-0007'),
('88888888888','(85)90000-0008'),
('99999999999','(92)90000-0009'),
('10101010101','(13)90000-0010'),
('12121212121','(19)90000-0011'),
('13131313131','(84)90000-0012'),
('14141414141','(71)90000-0013'),
('15151515151','(83)90000-0014'),
('16161616161','(79)90000-0015'),
('17171717171','(86)90000-0016'),
('18181818181','(82)90000-0017'),
('19191919191','(91)90000-0018'),
('20202020202','(98)90000-0019'),
('21212121212','(65)90000-0020'),
('22222222221','(41)90000-0021'),
('23232323232','(69)90000-0022'),
('24242424242','(96)90000-0023'),
('25252525252','(68)90000-0024'),
('26262626262','(48)90000-0025'),
('27272727272','(27)90000-0026'),
('28282828282','(62)90000-0027'),
('29292929292','(67)90000-0028'),
('30303030303','(91)90000-0029'),
('31313131313','(85)90000-0030'),
('32323232323','(11)90000-0031'),
('33333333331','(41)90000-0032'),
('34343434343','(84)90000-0033'),
('35353535353','(81)90000-0034'),
('36363636363','(19)90000-0035'),
('37373737373','(82)90000-0036'),
('38383838383','(92)90000-0037'),
('39393939393','(95)90000-0038'),
('40404040404','(83)90000-0039'),
('41414141414','(98)90000-0040'),
('42424242424','(31)90000-0041'),
('43434343434','(21)90000-0042'),
('44444444441','(86)90000-0043'),
('45454545454','(79)90000-0044'),
('46464646464','(51)90000-0045'),
('47474747474','(62)90000-0046'),
('48484848484','(27)90000-0047'),
('49494949494','(41)90000-0048'),
('50505050505','(91)90000-0049'),
('51515151515','(48)90000-0050'),
('52525252525','(11)90000-0051'),
('53535353535','(41)90000-0052'),
('54545454545','(92)90000-0053'),
('55555555551','(85)90000-0054'),
('56565656565','(31)90000-0055'),
('57575757575','(61)90000-0056'),
('58585858585','(81)90000-0057'),
('59595959595','(84)90000-0058'),
('60606060606','(82)90000-0059'),
('61616161616','(91)90000-0060'),
('62626262626','(95)90000-0061'),
('63636363636','(98)90000-0062'),
('64646464646','(51)90000-0063'),
('65656565656','(68)90000-0064'),
('66666666661','(62)90000-0065'),
('67676767676','(83)90000-0066'),
('68686868686','(92)90000-0067'),
('69696969696','(71)90000-0068'),
('70707070707','(41)90000-0069'),
('71717171717','(84)90000-0070'),
('72727272727','(11)90000-0071'),
('73737373737','(31)90000-0072'),
('74747474747','(81)90000-0073'),
('75757557575','(85)90000-0074'),
('76767676767','(91)90000-0075'),
('77777777771','(98)90000-0076'),
('78787878787','(83)90000-0077'),
('79797979797','(41)90000-0078'),
('80808080808','(92)90000-0079'),
('81818181818','(82)90000-0080'),
('82828282828','(31)90000-0081'),
('83838383838','(81)90000-0082'),
('84848484848','(84)90000-0083'),
('85858585858','(11)90000-0084'),
('86868686868','(62)90000-0085'),
('87878787878','(27)90000-0086'),
('88888888881','(92)90000-0087'),
('89898989898','(85)90000-0088'),
('90909090909','(91)90000-0089'),
('91919191919','(95)90000-0090'),
('92929292929','(82)90000-0091'),
('93939393939','(98)90000-0092'),
('94949494949','(51)90000-0093'),
('95959595959','(41)90000-0094'),
('96969696969','(11)90000-0095'),
('97979797979','(81)90000-0096'),
('98989898989','(84)90000-0097'),
('99999999991','(31)90000-0098'),
('10101010102','(92)90000-0099'),
('11111111112','(85)90000-0100');

INSERT INTO Pagamento (Data_Venc, Data_Quit, Valor, CPF_Aluno_FK) VALUES
('2024-01-05', '2024-01-04', 120.00, '11111111111'),
('2024-01-06', '2024-01-05', 120.00, '22222222222'),
('2024-01-07', '2024-01-06', 120.00, '33333333333'),
('2024-01-08', '2024-01-07', 120.00, '44444444444'),
('2024-01-09', '2024-01-08', 120.00, '55555555555'),
('2024-01-10', '2024-01-09', 120.00, '66666666666'),
('2024-01-11', '2024-01-10', 120.00, '77777777777'),
('2024-01-12', '2024-01-11', 120.00, '88888888888'),
('2024-01-13', '2024-01-12', 120.00, '99999999999'),
('2024-01-14', '2024-01-13', 120.00, '10101010101'),

('2024-01-15', '2024-01-14', 120.00, '12121212121'),
('2024-01-16', '2024-01-15', 120.00, '13131313131'),
('2024-01-17', '2024-01-16', 120.00, '14141414141'),
('2024-01-18', '2024-01-17', 120.00, '15151515151'),
('2024-01-19', '2024-01-18', 120.00, '16161616161'),
('2024-01-20', '2024-01-19', 120.00, '17171717171'),
('2024-01-21', '2024-01-20', 120.00, '18181818181'),
('2024-01-22', '2024-01-21', 120.00, '19191919191'),
('2024-01-23', '2024-01-22', 120.00, '20202020202'),
('2024-01-24', '2024-01-23', 120.00, '21212121212'),

('2024-01-25', '2024-01-24', 120.00, '22222222221'),
('2024-01-26', '2024-01-25', 120.00, '23232323232'),
('2024-01-27', '2024-01-26', 120.00, '24242424242'),
('2024-01-28', '2024-01-27', 120.00, '25252525252'),
('2024-01-29', '2024-01-28', 120.00, '26262626262'),
('2024-01-30', '2024-01-29', 120.00, '27272727272'),
('2024-01-31', '2024-01-30', 120.00, '28282828282'),
('2024-02-01', '2024-01-31', 120.00, '29292929292'),
('2024-02-02', '2024-02-01', 120.00, '30303030303'),
('2024-02-03', '2024-02-02', 120.00, '31313131313'),

('2024-02-04', '2024-02-03', 120.00, '32323232323'),
('2024-02-05', '2024-02-04', 120.00, '33333333331'),
('2024-02-06', '2024-02-05', 120.00, '34343434343'),
('2024-02-07', '2024-02-06', 120.00, '35353535353'),
('2024-02-08', '2024-02-07', 120.00, '36363636363'),
('2024-02-09', '2024-02-08', 120.00, '37373737373'),
('2024-02-10', '2024-02-09', 120.00, '38383838383'),
('2024-02-11', '2024-02-10', 120.00, '39393939393'),
('2024-02-12', '2024-02-11', 120.00, '40404040404'),
('2024-02-13', '2024-02-12', 120.00, '41414141414'),

('2024-02-14', '2024-02-13', 120.00, '42424242424'),
('2024-02-15', '2024-02-14', 120.00, '43434343434'),
('2024-02-16', '2024-02-15', 120.00, '44444444441'),
('2024-02-17', '2024-02-16', 120.00, '45454545454'),
('2024-02-18', '2024-02-17', 120.00, '46464646464'),
('2024-02-19', '2024-02-18', 120.00, '47474747474'),
('2024-02-20', '2024-02-19', 120.00, '48484848484'),
('2024-02-21', '2024-02-20', 120.00, '49494949494'),
('2024-02-22', '2024-02-21', 120.00, '50505050505'),
('2024-02-23', '2024-02-22', 120.00, '51515151515'),

('2024-02-24', '2024-02-23', 120.00, '52525252525'),
('2024-02-25', '2024-02-24', 120.00, '53535353535'),
('2024-02-26', '2024-02-25', 120.00, '54545454545'),
('2024-02-27', '2024-02-26', 120.00, '55555555551'),
('2024-02-28', '2024-02-27', 120.00, '56565656565'),
('2024-02-29', '2024-02-28', 120.00, '57575757575'),
('2024-03-01', '2024-02-29', 120.00, '58585858585'),
('2024-03-02', '2024-03-01', 120.00, '59595959595'),
('2024-03-03', '2024-03-02', 120.00, '60606060606'),
('2024-03-04', '2024-03-03', 120.00, '61616161616'),

('2024-03-05', '2024-03-04', 120.00, '62626262626'),
('2024-03-06', '2024-03-05', 120.00, '63636363636'),
('2024-03-07', '2024-03-06', 120.00, '64646464646'),
('2024-03-08', '2024-03-07', 120.00, '65656565656'),
('2024-03-09', '2024-03-08', 120.00, '66666666661'),
('2024-03-10', '2024-03-09', 120.00, '67676767676'),
('2024-03-11', '2024-03-10', 120.00, '68686868686'),
('2024-03-12', '2024-03-11', 120.00, '69696969696'),
('2024-03-13', '2024-03-12', 120.00, '70707070707'),
('2024-03-14', '2024-03-13', 120.00, '71717171717'),

('2024-03-15', '2024-03-14', 120.00, '72727272727'),
('2024-03-16', '2024-03-15', 120.00, '73737373737'),
('2024-03-17', '2024-03-16', 120.00, '74747474747'),
('2024-03-18', '2024-03-17', 120.00, '75757557575'),
('2024-03-19', '2024-03-18', 120.00, '76767676767'),
('2024-03-20', '2024-03-19', 120.00, '77777777771'),
('2024-03-21', '2024-03-20', 120.00, '78787878787'),
('2024-03-22', '2024-03-21', 120.00, '79797979797'),
('2024-03-23', '2024-03-22', 120.00, '80808080808'),
('2024-03-24', '2024-03-23', 120.00, '81818181818'),

('2024-03-25', '2024-03-24', 120.00, '82828282828'),
('2024-03-26', '2024-03-25', 120.00, '83838383838'),
('2024-03-27', '2024-03-26', 120.00, '84848484848'),
('2024-03-28', '2024-03-27', 120.00, '85858585858'),
('2024-03-29', '2024-03-28', 120.00, '86868686868'),
('2024-03-30', '2024-03-29', 120.00, '87878787878'),
('2024-03-31', '2024-03-30', 120.00, '88888888881'),
('2024-04-01', '2024-03-31', 120.00, '89898989898'),
('2024-04-02', '2024-04-01', 120.00, '90909090909'),
('2024-04-03', '2024-04-02', 120.00, '91919191919');


INSERT INTO Pagamento (CPF_Aluno_FK, Valor, Data_Pagamento, Forma_Pagamento, Status) VALUES
('11111111111', 120.00, '2024-01-05', 'Cartao', 'Pago'),
('22222222222', 130.00, '2024-01-06', 'Pix', 'Pago'),
('33333333333', 110.00, '2024-01-10', 'Dinheiro', 'Pago'),
('44444444444', 150.00, '2024-01-12', 'Cartao', 'Pago'),
('55555555555', 125.00, '2024-01-15', 'Pix', 'Pago'),
('66666666666', 140.00, '2024-01-18', 'Pix', 'Pago'),
('77777777777', 100.00, '2024-01-20', 'Dinheiro', 'Pago'),
('88888888888', 160.00, '2024-01-21', 'Cartao', 'Pago'),
('99999999999', 95.00,  '2024-01-22', 'Pix', 'Pago'),
('10101010101', 115.00,'2024-01-25', 'Dinheiro', 'Pago'),
('12121212121', 120.00,'2024-02-01', 'Pix', 'Pago'),
('13131313131', 135.00,'2024-02-02', 'Cartao', 'Pago'),
('14141414141', 140.00,'2024-02-03', 'Dinheiro','Pago'),
('15151515151', 125.00,'2024-02-05', 'Pix', 'Pago'),
('16161616161', 110.00,'2024-02-06', 'Cartao','Pago'),
('17171717171', 150.00,'2024-02-08', 'Pix', 'Pago'),
('18181818181', 99.00, '2024-02-10', 'Dinheiro','Pago'),
('19191919191', 121.00,'2024-02-12', 'Cartao','Pago'),
('20202020202', 130.00,'2024-02-14', 'Pix','Pago'),
('21212121212', 128.00,'2024-02-15', 'Dinheiro','Pago'),
('22222222221', 135.00,'2024-02-18', 'Cartao','Pago'),
('23232323232', 140.00,'2024-02-20', 'Pix','Pago'),
('24242424242', 120.00,'2024-02-22', 'Pix','Pago'),
('25252525252', 150.00,'2024-02-25', 'Dinheiro','Pago'),
('26262626262', 99.00, '2024-02-26','Pix','Pago'),
('27272727272', 115.00,'2024-02-28','Cartao','Pago'),
('28282828282', 140.00,'2024-03-01','Dinheiro','Pago'),
('29292929292', 150.00,'2024-03-02','Pix','Pago'),
('30303030303', 130.00,'2024-03-03','Cartao','Pago'),
('31313131313', 125.00,'2024-03-05','Pix','Pago'),
('32323232323', 110.00,'2024-03-06','Dinheiro','Pago'),
('33333333331', 145.00,'2024-03-07','Cartao','Pago'),
('34343434343', 135.00,'2024-03-10','Pix','Pago'),
('35353535353', 120.00,'2024-03-11','Dinheiro','Pago'),
('36363636363', 140.00,'2024-03-12','Pix','Pago'),
('37373737373', 150.00,'2024-03-14','Cartao','Pago'),
('38383838383', 135.00,'2024-03-16','Pix','Pago'),
('39393939393', 125.00,'2024-03-18','Dinheiro','Pago'),
('40404040404', 140.00,'2024-03-20','Pix','Pago'),
('41414141414', 132.00,'2024-03-21','Cartao','Pago'),
('42424242424', 150.00,'2024-03-22','Dinheiro','Pago'),
('43434343434', 110.00,'2024-03-23','Pix','Pago'),
('44444444441', 125.00,'2024-03-24','Cartao','Pago'),
('45454545454', 130.00,'2024-03-25','Pix','Pago'),
('46464646464', 145.00,'2024-03-26','Dinheiro','Pago'),
('47474747474', 120.00,'2024-03-27','Pix','Pago'),
('48484848484', 111.00,'2024-03-28','Cartao','Pago'),
('49494949494', 100.00,'2024-03-29','Dinheiro','Pago'),
('50505050505', 140.00,'2024-04-01','Pix','Pago'),
('51515151515', 135.00,'2024-04-02','Pix','Pago'),
('52525252525', 150.00,'2024-04-03','Cartao','Pago'),
('53535353535', 120.00,'2024-04-04','Dinheiro','Pago'),
('54545454545', 110.00,'2024-04-05','Pix','Pago'),
('55555555551', 99.00, '2024-04-06','Dinheiro','Pago'),
('56565656565', 130.00,'2024-04-07','Pix','Pago'),
('57575757575', 135.00,'2024-04-08','Cartao','Pago'),
('58585858585', 145.00,'2024-04-09','Pix','Pago'),
('59595959595', 140.00,'2024-04-10','Dinheiro','Pago'),
('60606060606', 120.00,'2024-04-11','Pix','Pago'),
('61616161616', 110.00,'2024-04-12','Cartao','Pago'),
('62626262626', 150.00,'2024-04-13','Pix','Pago'),
('63636363636', 115.00,'2024-04-14','Dinheiro','Pago'),
('64646464646', 140.00,'2024-04-15','Pix','Pago'),
('65656565656', 135.00,'2024-04-16','Cartao','Pago'),
('66666666661', 120.00,'2024-04-17','Dinheiro','Pago'),
('67676767676', 110.00,'2024-04-18','Pix','Pago'),
('68686868686', 150.00,'2024-04-19','Pix','Pago'),
('69696969696', 130.00,'2024-04-20','Cartao','Pago'),
('70707070707', 135.00,'2024-04-21','Pix','Pago'),
('71717171717', 145.00,'2024-04-22','Dinheiro','Pago'),
('72727272727', 125.00,'2024-04-23','Pix','Pago'),
('73737373737', 115.00,'2024-04-24','Cartao','Pago'),
('74747474747', 140.00,'2024-04-25','Dinheiro','Pago'),
('75757557575', 150.00,'2024-04-26','Pix','Pago'),
('76767676767', 135.00,'2024-04-27','Pix','Pago'),
('77777777771', 130.00,'2024-04-28','Dinheiro','Pago'),
('78787878787', 110.00,'2024-04-29','Pix','Pago'),
('79797979797', 125.00,'2024-04-30','Cartao','Pago'),
('80808080808', 120.00,'2024-05-01','Dinheiro','Pago'),
('81818181818', 130.00,'2024-05-02','Pix','Pago'),
('82828282828', 115.00,'2024-05-03','Pix','Pago'),
('83838383838', 135.00,'2024-05-04','Dinheiro','Pago'),
('84848484848', 150.00,'2024-05-05','Pix','Pago'),
('85858585858', 120.00,'2024-05-06','Cartao','Pago'),
('86868686868', 110.00,'2024-05-07','Pix','Pago'),
('87878787878', 140.00,'2024-05-08','Dinheiro','Pago'),
('88888888881', 135.00,'2024-05-09','Pix','Pago'),
('89898989898', 150.00,'2024-05-10','Cartao','Pago'),
('90909090909', 120.00,'2024-05-11','Pix','Pago'),
('91919191919', 110.00,'2024-05-12','Dinheiro','Pago'),
('92929292929', 140.00,'2024-05-13','Pix','Pago'),
('93939393939', 130.00,'2024-05-14','Pix','Pago'),
('94949494949', 115.00,'2024-05-15','Dinheiro','Pago'),
('95959595959', 150.00,'2024-05-16','Pix','Pago'),
('96969696969', 125.00,'2024-05-17','Cartao','Pago'),
('97979797979', 130.00,'2024-05-18','Pix','Pago'),
('98989898989', 145.00,'2024-05-19','Dinheiro','Pago'),
('99999999991', 135.00,'2024-05-20','Pix','Pago'),
('10101010102', 150.00,'2024-05-21','Pix','Pago'),
('11111111112', 120.00,'2024-05-22','Cartao','Pago');
